<?xml version="1.0" encoding="UTF-8"?>
<project xmlns="http://maven.apache.org/DECORATION/1.3.0"
         xmlns:xsi="http://www.w3.org/2001/XMLSchema-instance"
         xsi:schemaLocation="http://maven.apache.org/DECORATION/1.3.0 http://maven.apache.org/xsd/decoration-1.3.0.xsd">
    <body>
        <links>
            <item name="Totalizer" position="right" href="${project.url}"/>
        </links>

        <breadcrumbs>
            <item name="Sponsor" href="http://meterware.com"/>
            <item name="Totalizer" href="${project.url}"/>
        </breadcrumbs>


        <menu name="Overview">
            <item name="History of the Totalizer program" href="history.html" />
            <item name="Sample program" href="sample.html" />
            <item name="FAQ" href="faq.html" />
        </menu>

        <menu ref="reports"/>
    </body>


</project>
